#load	#utility
0.25	1.746736292428198
0.50	1.481997677119628
1.00	1.344520188778186
1.50	1.278145695364238
2.00	1.000973472864444
3.00	-4753.056713928274
